lambda_value,lambda_display,lambda_interpretation,strategy_name,CAGR_pct,MDD_pct,annual_volatility_pct,Sharpe,Sortino,Calmar,avg_turnover_pct,max_turnover_pct,goldfriend_judgement,goldfriend_note
,,단순 비교 기준,EW,6.510061939431955,-13.571143569546962,7.97233104941412,0.8317791325459929,1.5383921387649833,0.4796988482267804,0.0,0.0,benchmark_only,단순 동일가중 비교 기준이다.
0.1,0.1,느린 부분조정,lambda_0.1,8.65511461758417,-14.744158471123846,11.258048656511953,0.7934711329195613,1.5753750671052211,0.5870199126342169,2.515008210776587,6.017064080993283,primary_review_candidate,MDD와 Turnover 완화가 강한 느린 조정 후보이다. 수익성 둔화 여부를 함께 본다.
0.3,0.3,균형형 부분조정,lambda_0.3,9.085171513870293,-15.219711332556995,12.048560174964717,0.7817903292508775,1.41169704844316,0.5969345485834477,6.949680986908531,20.011915215340103,primary_review_candidate,"CAGR, MDD, Turnover 균형이 비교적 좋아 우선 검토 후보로 둔다. 최적값으로 단정하지 않는다."
0.5,0.5,중간 부분조정,lambda_0.5,8.577336332356778,-17.51927764825414,12.200406026749356,0.7353042946562626,1.1983196328946948,0.4895941776007837,11.137830846511523,34.829866624930794,secondary_review_candidate,즉시비중과 느린 조정 사이의 중간 후보이다.
0.7,0.7,빠른 부분조정,lambda_0.7,8.06464986717559,-19.964589909007124,12.511137708926254,0.6819081228704503,1.048237181794363,0.4039476845721324,15.406102775785376,48.989780742977885,lambda_observation,부분조정 효과는 있으나 Turnover 부담이 남아 있는 빠른 조정 후보이다.
1.0,1.0,목표 비중 즉시 이동,HSI_final_baseline_overlay,7.732321577748946,-23.459418269768417,13.666069038573308,0.6111175601315223,0.9502180262896346,0.3296041482713747,22.093023255813957,70.0,baseline_not_final,"HSI 상태를 비중으로 연결하는 기준선이지만, 즉시비중 구조로 인해 MDD와 Turnover 부담이 커 최종 전략으로 단정하지 않는다."
1.0,1.0,목표 비중 즉시 이동,lambda_1.0,7.732321577748946,-23.459418269768417,13.666069038573308,0.6111175601315223,0.9502180262896346,0.3296041482713747,22.093023255813957,70.0,lambda_observation,후속 검토 대상이다.
