effect,sum_contribution,mean_monthly,annualized,share_of_total_pct
saa,0.7260357333333334,0.004245823001949318,0.05094987602339181,187.23908525039207
timing,-0.47945135,-0.002803809064327485,-0.03364570877192982,-123.64685107702536
lambda,0.15306180508647005,0.0008950982753594739,0.010741179304313687,39.473473625858894
cost,-0.011953451297482666,-6.949680986908526e-05,-0.0008339617184290231,-3.082704037513534
total_excess_vs_ew,0.387758641505013,0.0022675943947661576,0.02721113273719389,100.0
