Period,p_wave_avg,s_wave_avg,two_sided_shock_ratio_avg,vol_spike_share,high_vol_mixed_share,risk_score_avg,overheat_score_avg,recovery_score_avg,StartMonth,EndMonth,RowCount
design,5.5379337643488595,2.314296081277213,0.15375046146915783,0.46622905396490316,0.3232154637815015,3.1322316048731147,3.787711659409772,2.275678409640674,2014-03,2022-12,106
validation,5.6520146520146515,2.3168498168498166,0.16135914350200062,0.4523809523809524,0.31501831501831495,3.0586080586080584,4.08058608058608,2.432234432234432,2023-01,2026-06,42
