factor,VIF
market_ret,1.05397444095284
bond_ret,1.0378359533076233
realized_vol,1.0301286313262679
stock_bond_corr_6m,1.0115299739047194
