hsi_state,weight_069500,weight_114260,weight_153130,risk_weight,defensive_weight_sum,rule_name,rule_note
risk_relief,0.3333333333333333,0.3333333333333333,0.3333333333333333,0.3333333333333333,0.6666666666666666,main_v2b_baseline,위험 완화 우세. baseline에서는 과도한 risk-on 없이 동일비중 유지.
neutral_watch,0.3333333333333333,0.3333333333333333,0.3333333333333333,0.3333333333333333,0.6666666666666666,main_v2b_baseline,관찰·중립. 동일비중 유지.
conflict,0.3333333333333333,0.3333333333333333,0.3333333333333333,0.3333333333333333,0.6666666666666666,main_v2b_baseline,신호 충돌. main_v2b에서는 즉시 방어하지 않고 동일비중 관찰.
risk_warning,0.2,0.4,0.4,0.2,0.8,main_v2b_baseline,"위험 악화 우세. 위험자산 축소, 방어자산 확대."
accident_zone,0.1,0.45,0.45,0.1,0.9,main_v2b_baseline,강한 위험 악화. 위험자산 강한 축소.
