strategy,risk_mode_flips,avg_equity_weight,min_equity_weight,max_equity_weight
FixedBM_70_20_10,1,0.7000000000000001,0.7,0.7
EW,1,0.3333333333333333,0.3333333333333333,0.3333333333333333
VAA_like_proxy,45,0.31520467836257315,0.0,0.7000000000000001
DAA_like_proxy,46,0.5076023391812866,0.0,0.7000000000000001
BAA_like_proxy,45,0.4502923976608187,0.0,1.0
