variant,strategy,months,cum_return,cagr,ann_vol,mdd,sharpe,calmar,monthly_win_rate,avg_turnover_ann
train60_test12,WF_selected_lambda,108,1.0657735987388386,0.08394985449947723,0.11636722322460055,-0.1533482376291937,0.7214218245755121,0.5474458382917552,0.5925925925925926,0.718397341853249
train60_test12,FixedBM_70_20_10,108,1.4751169079351887,0.10594328854309976,0.16917727141712813,-0.2567422378060885,0.6262264880835149,0.41264456307776004,0.5740740740740741,0.0
train60_test12,EW,108,0.7160627420798997,0.06184038843986661,0.08212297990657182,-0.13571143569546906,0.7530217304610727,0.45567558933378266,0.5925925925925926,0.0
train60_test12,static_lambda_0.1,108,1.0693540348070472,0.08415844070000245,0.11306105990181446,-0.14787873431449206,0.7443627432211241,0.5691044157912768,0.5833333333333334,0.3291042814781965
train60_test12,static_lambda_0.3,108,1.2184341786830832,0.09257086794451452,0.12606966616164642,-0.1533482376291937,0.7342834383793817,0.6036643744700678,0.5925925925925926,0.893506211990208
train60_test12,static_lambda_0.5,108,1.1347683217017388,0.08791390518702746,0.13161869358662626,-0.17688426057413964,0.6679439127631668,0.4970137246902137,0.6018518518518519,1.405636952731578
train60_test12,static_lambda_0.7,108,1.032089720127635,0.08197163496384907,0.13668653288802837,-0.20189338958528846,0.5997052762396062,0.4060144570965298,0.6111111111111112,1.9238851761723823
train60_test12,static_lambda_1.0,108,0.9656897031777536,0.07798513871533674,0.14610268165906126,-0.23861954954928832,0.5337693862274164,0.32681789426992625,0.6388888888888888,2.7222222222222223
