n1,n2,phat_first_half_pct,phat_second_half_pct,diff_pct_points,z_stat,p_value,metric,display_name
500,500,93.8,93.2,0.5999999999999894,0.384821006327268,0.700370034623421,net10_cagr_pct,Net10bp CAGR
500,500,94.39999999999999,94.39999999999999,0.0,0.0,1.0,net10_mdd_pct,Net10bp MDD
500,500,97.0,95.8,1.200000000000001,1.0185010546583888,0.3084398998784921,net10_calmar,Net10bp Calmar
500,500,90.60000000000001,90.2,0.40000000000000036,0.21468918330397715,0.8300096564226611,net10_sharpe,Net10bp Sharpe
500,500,72.8,75.2,-2.400000000000002,-0.8651247010927093,0.38697034848730594,net10_tail_strategy_avg_pct,Net10bp tail-month 평균수익
500,500,22.0,22.8,-0.8000000000000007,-0.3033926962364165,0.7615906111003943,net10_ann_vol_pct,Net10bp 연환산 변동성
500,500,36.6,39.0,-2.400000000000002,-0.7826005590156927,0.4338617131267912,avg_annual_turnover_pct,평균 연환산 Turnover
500,500,55.60000000000001,53.800000000000004,1.8000000000000016,0.5717415375645919,0.567497089306757,net10_win_rate_pct,Net10bp 월 승률
