hsi_state5,state_name_kr,069500_weight,114260_weight,153130_weight,action,weight_sum
risk_relief,위험 완화 우세,0.3333333333333333,0.3333333333333333,0.3333333333333333,기본 동일비중 유지,1.0
neutral_watch,관찰·중립,0.3333333333333333,0.3333333333333333,0.3333333333333333,기본 동일비중 유지,1.0
conflict,충돌 상태,0.25,0.375,0.375,소폭 방어,1.0
risk_warning,위험 악화 우세,0.2,0.4,0.4,방어 강화,1.0
accident_zone,강한 위험 악화,0.1,0.45,0.45,강한 방어전환,1.0
insufficient_data,자료 부족,0.3333333333333333,0.3333333333333333,0.3333333333333333,자료 부족 구간은 기본 동일비중,1.0
